{
  "$schema": "https://schema.management.azure.com/schemas/2019-04-01/deploymentTemplate.json#",
  "contentVersion": "1.0.0.0",
  "metadata": {
    "_generator": {
      "name": "bicep",
      "version": "0.4.613.9944",
      "templateHash": "12518768509978375603"
    }
  },
  "parameters": {
    "adminUsername": {
      "type": "string",
      "metadata": {
        "description": "Username for the Virtual Machine."
      }
    },
    "adminPassword": {
      "type": "secureString",
      "minLength": 12,
      "metadata": {
        "description": "Password for the Virtual Machine."
      }
    },
    "OSVersion": {
      "type": "string",
      "defaultValue": "2019-Datacenter-smalldisk",
      "allowedValues": [
        "2019-Datacenter-smalldisk"
      ],
      "metadata": {
        "description": "The Windows version for the VM. This will pick a fully patched image of this given Windows version."
      }
    },
    "virtualNetworkNewOrExisting": {
      "type": "string",
      "metadata": {
        "description": "Boolean indicating whether the VNet is new or existing"
      }
    },
    "virtualNetworkName": {
      "type": "string",
      "metadata": {
        "description": "New or Existing VNet Name"
      }
    },
    "virtualNetworkAddressPrefix": {
      "type": "string",
      "metadata": {
        "description": "VNet address prefix"
      }
    },
    "virtualNetworkResourceGroup": {
      "type": "string",
      "metadata": {
        "description": "Resource group of the VNet"
      }
    },
    "subnetName": {
      "type": "string",
      "metadata": {
        "description": "New or Existing subnet Name"
      }
    },
    "subnetAddressPrefix": {
      "type": "string",
      "metadata": {
        "description": "Subnet address prefix"
      }
    },
    "virtualMachineSize": {
      "type": "string",
      "defaultValue": "Standard_B2s",
      "metadata": {
        "description": "Size of the virtual machine."
      }
    },
    "location": {
      "type": "string",
      "defaultValue": "[resourceGroup().location]",
      "metadata": {
        "description": "Location for all resources."
      }
    },
    "vmName": {
      "type": "string",
      "metadata": {
        "description": "Name of the virtual machine. cd-server-nicht-exchange.nennen!wegenISDoof!111elf!!"
      }
    }
  },
  "functions": [],
  "variables": {
    "storageAccountName": "[format('bootdiags{0}', uniqueString(resourceGroup().id))]",
    "vmName": "[parameters('vmName')]",
    "nicName": "[format('{0}-nic01', parameters('vmName'))]",
    "vnetId": {
      "new": "[resourceId('Microsoft.Network/virtualNetworks',parameters('virtualNetworkName'))]",
      "existing": "[resourceId(parameters('virtualNetworkResourceGroup'),'Microsoft.Network/virtualNetworks',parameters('virtualNetworkName'))]"
    },
    "subnetId": "[concat(variables('vnetId')[parameters('virtualNetworkNewOrExisting')],'/subnets/',parameters('subnetName'))]"
  },
  "resources": [
    {
      "type": "Microsoft.Storage/storageAccounts",
      "apiVersion": "2021-04-01",
      "name": "[variables('storageAccountName')]",
      "location": "[parameters('location')]",
      "sku": {
        "name": "Standard_LRS"
      },
      "kind": "Storage"
    },
    {
      "type": "Microsoft.Network/networkInterfaces",
      "apiVersion": "2021-02-01",
      "name": "[variables('nicName')]",
      "location": "[parameters('location')]",
      "properties": {
        "ipConfigurations": [
          {
            "name": "[format('{0}-ipconfig1', parameters('vmName'))]",
            "properties": {
              "privateIPAllocationMethod": "Dynamic",
              "subnet": {
                "id": "[variables('subnetId')]"
              }
            }
          }
        ]
      }
    },
    {
      "type": "Microsoft.Compute/virtualMachines",
      "apiVersion": "2021-03-01",
      "name": "[parameters('vmName')]",
      "location": "[parameters('location')]",
      "properties": {
        "hardwareProfile": {
          "vmSize": "[parameters('virtualMachineSize')]"
        },
        "osProfile": {
          "computerName": "[parameters('vmName')]",
          "adminUsername": "[parameters('adminUsername')]",
          "adminPassword": "[parameters('adminPassword')]"
        },
        "storageProfile": {
          "imageReference": {
            "publisher": "MicrosoftWindowsServer",
            "offer": "WindowsServer",
            "sku": "[parameters('OSVersion')]",
            "version": "latest"
          },
          "osDisk": {
            "createOption": "FromImage",
            "managedDisk": {
              "storageAccountType": "StandardSSD_LRS"
            }
          },
          "dataDisks": [
            {
              "diskSizeGB": 32,
              "lun": 0,
              "createOption": "Empty"
            }
          ]
        },
        "networkProfile": {
          "networkInterfaces": [
            {
              "id": "[resourceId('Microsoft.Network/networkInterfaces', variables('nicName'))]"
            }
          ]
        },
        "diagnosticsProfile": {
          "bootDiagnostics": {
            "enabled": true,
            "storageUri": "[reference(resourceId('Microsoft.Storage/storageAccounts', variables('storageAccountName'))).primaryEndpoints.blob]"
          }
        }
      },
      "dependsOn": [
        "[resourceId('Microsoft.Network/networkInterfaces', variables('nicName'))]",
        "[resourceId('Microsoft.Storage/storageAccounts', variables('storageAccountName'))]"
      ]
    }
  ],
  "outputs": {
    "storageName": {
      "type": "string",
      "value": "[variables('storageAccountName')]"
    }
  }
}